,lines_added,lines_deleted,complexity_before,complexity_after
count,24.0,24.0,24.0,24.0
mean,11.0,2.875,0.0,19.208333333333332
std,23.377804412100694,3.0689539359315194,0.0,25.373692584295235
min,0.0,0.0,0.0,0.0
25%,2.0,1.0,0.0,0.0
50%,4.0,2.0,0.0,0.0
75%,9.5,4.0,0.0,44.0
max,116.0,12.0,0.0,62.0
