,original_alignment_score,llm_alignment_score,rectified_alignment_score
count,24.0,24.0,24.0
mean,0.2583333333333333,0.07083333333333335,0.4791666666666667
std,0.2412227306807993,0.13344650993747553,0.2449119924747888
min,0.0,0.0,0.0
25%,0.1,0.0,0.4
50%,0.15000000000000002,0.0,0.4
75%,0.4,0.1,0.6
max,0.8999999999999999,0.5,0.9999999999999999
