,Bandit,Semgrep,CodeQL
Bandit,1.0,0.0,0.0
Semgrep,0.0,1.0,0.16666666666666666
CodeQL,0.0,0.16666666666666666,1.0
